{"cameraMode":{"drawMode":0,"name":"Shaded","section":"Shading Mode"},"sceneLighting":true,"audioPlay":false,"sceneViewState":{"m_AlwaysRefresh":false,"showFog":true,"showSkybox":true,"showFlares":true,"showImageEffects":true,"showParticleSystems":true,"showVisualEffectGraphs":true,"m_FxEnabled":true},"in2DMode":false,"pivot":{"x":-0.11471819877624512,"y":0.05979132652282715,"z":0.07606720924377442},"rotation":{"x":-0.08769536763429642,"y":0.8957178592681885,"z":-0.2038859874010086,"w":-0.38526588678359988},"size":3.736600637435913,"orthographic":false}