{"cameraMode":{"drawMode":0,"name":"Shaded","section":"Shading Mode"},"sceneLighting":true,"audioPlay":false,"sceneViewState":{"m_AlwaysRefresh":false,"showFog":true,"showSkybox":true,"showFlares":true,"showImageEffects":true,"showParticleSystems":true,"showVisualEffectGraphs":true,"m_FxEnabled":true},"in2DMode":false,"pivot":{"x":1.3553705215454102,"y":1.5284925699234009,"z":-0.05299568176269531},"rotation":{"x":0.04072152450680733,"y":-0.8499855399131775,"z":0.06643367558717728,"w":0.5210113525390625},"size":2.0445525646209719,"orthographic":false}